City_ID,City,Country,Lat,Lng,Max Temp,Humidity,Cloudiness,Wind Speed,Current Description,Date
0,Kapaa,US,22.0752,-159.319,84.18,78,90,4.0,overcast clouds,2021-08-01 21:37:21
1,Qui Nhon,VN,13.7667,109.2333,84.47,68,91,12.48,overcast clouds,2021-08-01 21:37:21
2,Formosa,AR,-26.1775,-58.1781,69.78,43,0,3.44,clear sky,2021-08-01 21:33:18
3,Severo-Kurilsk,RU,50.6789,156.125,55.53,73,0,14.61,clear sky,2021-08-01 21:37:22
4,Khasan,RU,42.4308,130.6434,75.56,91,95,19.37,overcast clouds,2021-08-01 21:37:22
5,New Norfolk,AU,-42.7826,147.0587,37.76,83,20,2.46,few clouds,2021-08-01 21:37:22
6,Ushuaia,AR,-54.8,-68.3,46.06,46,20,18.41,few clouds,2021-08-01 21:37:23
7,Cape Town,ZA,-33.9258,18.4232,58.12,81,75,1.14,broken clouds,2021-08-01 21:36:40
8,Petropavlovsk-Kamchatskiy,RU,53.0452,158.6483,57.79,82,0,6.71,clear sky,2021-08-01 21:37:23
9,Torbay,CA,47.6666,-52.7314,68.77,67,20,21.85,few clouds,2021-08-01 21:37:24
10,Bengkulu,ID,-3.8004,102.2655,73.87,89,97,4.21,overcast clouds,2021-08-01 21:37:24
11,Mataura,NZ,-46.1927,168.8643,41.49,95,80,2.82,broken clouds,2021-08-01 21:37:24
12,Mar Del Plata,AR,-38.0023,-57.5575,46.09,31,90,3.0,mist,2021-08-01 21:37:25
13,Bredasdorp,ZA,-34.5322,20.0403,58.32,72,83,4.61,broken clouds,2021-08-01 21:34:13
14,Alyangula,AU,-13.8483,136.4192,66.07,100,90,3.44,overcast clouds,2021-08-01 21:37:25
15,Santa Rosalia,MX,27.3167,-112.2833,90.0,53,1,8.68,clear sky,2021-08-01 21:37:25
16,College,US,64.8569,-147.8028,73.72,54,75,0.0,broken clouds,2021-08-01 21:37:26
17,Puerto Ayora,EC,-0.7393,-90.3518,78.76,87,51,7.0,broken clouds,2021-08-01 21:37:26
18,Yeppoon,AU,-23.1333,150.7333,56.98,82,0,4.41,clear sky,2021-08-01 21:37:26
19,Busselton,AU,-33.65,115.3333,53.98,60,92,9.17,overcast clouds,2021-08-01 21:37:27
20,Albany,US,42.6001,-73.9662,75.51,72,86,7.52,overcast clouds,2021-08-01 21:36:50
21,Cattolica,IT,43.9575,12.7376,80.47,40,96,10.0,overcast clouds,2021-08-01 21:37:27
22,Klaksvik,FO,62.2266,-6.589,47.32,82,57,7.47,broken clouds,2021-08-01 21:37:27
23,Hilo,US,19.7297,-155.09,80.33,69,90,4.61,light rain,2021-08-01 21:37:28
24,Tual,ID,-5.6667,132.75,81.27,78,53,12.17,broken clouds,2021-08-01 21:37:28
25,Bambous Virieux,MU,-20.3428,57.7575,68.25,94,75,11.5,broken clouds,2021-08-01 21:37:28
26,Custodia,BR,-8.0875,-37.6431,66.85,82,80,13.58,broken clouds,2021-08-01 21:37:29
27,Aklavik,CA,68.2191,-135.0107,83.23,36,98,18.03,overcast clouds,2021-08-01 21:37:29
28,Guerrero Negro,MX,27.9769,-114.0611,83.82,54,3,13.38,clear sky,2021-08-01 21:37:29
29,Vaini,TO,-21.2,-175.2,73.56,78,20,20.71,few clouds,2021-08-01 21:37:30
30,Saravan,AM,39.7196,45.6483,59.65,78,99,5.75,overcast clouds,2021-08-01 21:37:30
31,Kichera,RU,55.9375,110.0997,56.79,82,91,2.04,overcast clouds,2021-08-01 21:37:30
32,Urusha,RU,54.05,122.9,49.69,95,30,2.42,scattered clouds,2021-08-01 21:37:31
33,Dingle,PH,10.9995,122.6711,77.95,87,100,8.9,overcast clouds,2021-08-01 21:37:31
34,Mount Gambier,AU,-37.8333,140.7667,44.51,87,14,10.36,few clouds,2021-08-01 21:37:31
35,Bocicoiu Mare,RO,47.9667,24.0,66.65,72,78,2.64,light rain,2021-08-01 21:37:32
36,Port Hardy,CA,50.6996,-127.4199,64.58,77,20,13.8,fog,2021-08-01 21:37:32
37,Cabo San Lucas,MX,22.8909,-109.9124,93.61,70,20,1.99,few clouds,2021-08-01 21:34:14
38,Cabra,ES,37.4725,-4.4421,78.24,28,51,3.74,broken clouds,2021-08-01 21:37:32
39,Acapulco,MX,16.8634,-99.8901,87.62,70,40,16.11,scattered clouds,2021-08-01 21:37:33
40,Henties Bay,NA,-22.116,14.2845,65.57,43,0,5.5,clear sky,2021-08-01 21:37:33
41,Straumen,NO,63.8709,11.2999,54.5,88,71,6.53,broken clouds,2021-08-01 21:37:33
42,Hofn,IS,64.2539,-15.2082,53.71,94,99,4.76,overcast clouds,2021-08-01 21:37:34
43,Cockburn Town,TC,21.4612,-71.1419,85.96,70,40,18.41,scattered clouds,2021-08-01 21:37:05
44,Gizo,SB,-8.103,156.8419,80.4,81,49,12.3,light rain,2021-08-01 21:37:34
45,Nelson Bay,AU,-32.7167,152.15,55.99,62,91,8.9,overcast clouds,2021-08-01 21:33:35
46,Magistralnyy,RU,56.1725,107.4458,54.39,65,36,2.19,scattered clouds,2021-08-01 21:37:35
47,Yamada,JP,39.4667,141.95,77.56,91,3,9.75,clear sky,2021-08-01 21:37:35
48,Hobart,AU,-42.8794,147.3294,38.12,87,0,3.0,clear sky,2021-08-01 21:37:35
49,Batagay,RU,67.6333,134.6333,59.61,47,0,1.39,clear sky,2021-08-01 21:37:36
50,Ilulissat,GL,69.2167,-51.1,59.02,38,0,5.75,clear sky,2021-08-01 21:37:36
51,Ostrovnoy,RU,68.0531,39.5131,48.79,90,17,8.3,few clouds,2021-08-01 21:37:36
52,Iranshahr,IR,27.2025,60.6848,97.14,36,14,6.91,few clouds,2021-08-01 21:37:37
53,La Seyne-Sur-Mer,FR,43.0982,5.8847,75.15,49,47,7.0,scattered clouds,2021-08-01 21:37:37
54,Atuona,PF,-9.8,-139.0333,77.11,69,31,11.18,scattered clouds,2021-08-01 21:37:37
55,Hamilton,US,39.1834,-84.5333,80.78,70,40,4.0,haze,2021-08-01 21:37:33
56,Sitka,US,57.0531,-135.33,64.29,72,75,5.75,broken clouds,2021-08-01 21:37:38
57,Provideniya,RU,64.3833,-173.3,42.91,75,90,20.13,light rain,2021-08-01 21:37:38
58,Tamandare,BR,-8.7597,-35.1047,73.9,80,8,14.65,clear sky,2021-08-01 21:37:38
59,Rikitea,PF,-23.1203,-134.9692,69.31,58,53,22.48,broken clouds,2021-08-01 21:35:09
60,Ciudad Bolivar,VE,8.1222,-63.5497,81.57,76,23,7.11,few clouds,2021-08-01 21:37:39
61,Gayny,RU,60.3071,54.3241,52.79,96,7,4.56,clear sky,2021-08-01 21:37:39
62,Borogontsy,RU,62.6683,131.1683,66.58,40,37,8.19,scattered clouds,2021-08-01 21:37:40
63,Poum,NC,-20.2333,164.0167,68.9,57,2,13.31,clear sky,2021-08-01 21:37:40
64,Lodja,CD,-3.4833,23.4333,73.71,35,87,1.16,overcast clouds,2021-08-01 21:37:40
65,Tautira,PF,-17.7333,-149.15,80.62,63,43,7.74,scattered clouds,2021-08-01 21:37:41
66,Malakal,SS,9.5334,31.6605,70.93,96,100,0.87,overcast clouds,2021-08-01 21:37:41
67,Sisimiut,GL,66.9395,-53.6735,54.95,61,0,2.24,clear sky,2021-08-01 21:37:41
68,Punta Arenas,CL,-53.15,-70.9167,44.71,65,40,19.57,scattered clouds,2021-08-01 21:37:42
69,Kruisfontein,ZA,-34.0033,24.7314,56.88,77,86,17.05,overcast clouds,2021-08-01 21:37:42
70,Jamestown,US,42.097,-79.2353,70.09,67,20,7.0,few clouds,2021-08-01 21:33:32
71,Palu,ID,-0.8917,119.8707,74.25,93,63,2.19,broken clouds,2021-08-01 21:37:42
72,Lompoc,US,34.6391,-120.4579,92.12,63,1,14.97,clear sky,2021-08-01 21:37:43
73,Mahebourg,MU,-20.4081,57.7,68.29,94,75,11.5,broken clouds,2021-08-01 21:37:43
74,Alofi,NU,-19.0595,-169.9187,78.69,69,60,17.27,broken clouds,2021-08-01 21:37:43
75,Hobyo,SO,5.3505,48.5268,77.4,80,6,22.7,clear sky,2021-08-01 21:37:44
76,Saskylakh,RU,71.9167,114.0833,72.07,46,0,3.38,clear sky,2021-08-01 21:37:44
77,Khatanga,RU,71.9667,102.5,62.56,72,46,9.64,scattered clouds,2021-08-01 21:37:44
78,Hithadhoo,MV,-0.6,73.0833,81.07,72,91,6.98,light rain,2021-08-01 21:37:45
79,Aykhal,RU,66.0,111.5,68.59,43,59,3.89,broken clouds,2021-08-01 21:37:45
80,Barrow,US,71.2906,-156.7887,51.82,79,90,19.57,overcast clouds,2021-08-01 21:35:50
81,Qaanaaq,GL,77.484,-69.3632,42.93,82,89,1.1,overcast clouds,2021-08-01 21:37:45
82,Yellowknife,CA,62.456,-114.3525,87.33,28,20,4.61,few clouds,2021-08-01 21:37:46
83,Vargashi,RU,55.3556,65.8467,62.01,82,0,7.63,clear sky,2021-08-01 21:37:46
84,Seymchan,RU,62.8833,152.4333,44.73,67,100,21.52,overcast clouds,2021-08-01 21:37:46
85,Isangel,VU,-19.55,169.2667,68.11,88,75,0.0,broken clouds,2021-08-01 21:37:47
86,San Cristobal,VE,7.7669,-72.225,82.58,89,76,6.13,broken clouds,2021-08-01 21:37:47
87,Magaria,NE,12.9983,8.9099,82.94,64,91,12.97,light rain,2021-08-01 21:37:47
88,Sambava,MG,-14.2667,50.1667,68.18,88,96,8.48,overcast clouds,2021-08-01 21:37:48
89,Makakilo City,US,21.3469,-158.0858,82.72,52,75,24.16,broken clouds,2021-08-01 21:37:48
90,Coihaique,CL,-45.5752,-72.0662,53.55,58,90,6.91,overcast clouds,2021-08-01 21:37:48
91,Ponta Do Sol,PT,32.6667,-17.1,72.23,60,1,7.31,clear sky,2021-08-01 21:37:49
92,Akyab,MM,20.15,92.9,79.75,87,100,3.74,overcast clouds,2021-08-01 21:37:49
93,Tilichiki,RU,60.4667,166.1,52.84,65,100,7.67,overcast clouds,2021-08-01 21:37:49
94,Paka,MY,4.6374,103.4368,75.13,100,83,0.0,broken clouds,2021-08-01 21:37:50
95,Tanhacu,BR,-14.0214,-41.2481,69.75,53,79,8.39,broken clouds,2021-08-01 21:37:50
96,Ryotsu,JP,38.0833,138.4333,78.76,79,98,2.55,overcast clouds,2021-08-01 21:37:50
97,Castro,BR,-24.7911,-50.0119,48.43,85,67,2.39,broken clouds,2021-08-01 21:37:51
98,Great Falls,US,47.5002,-111.3008,97.99,15,1,7.0,clear sky,2021-08-01 21:37:51
99,Yumen,CN,40.2833,97.2,65.71,47,95,7.4,overcast clouds,2021-08-01 21:37:51
100,Avera,US,33.194,-82.5271,96.91,37,51,13.51,broken clouds,2021-08-01 21:37:12
101,Nikolskoye,RU,59.7035,30.7861,62.4,91,26,4.9,scattered clouds,2021-08-01 21:37:52
102,Half Moon Bay,US,37.4636,-122.4286,89.91,64,20,1.01,few clouds,2021-08-01 21:37:52
103,Sur,OM,22.5667,59.5289,89.64,55,100,14.16,overcast clouds,2021-08-01 21:37:52
104,Avarua,CK,-21.2078,-159.775,75.25,94,75,13.8,moderate rain,2021-08-01 21:37:53
105,Santa Marta,CO,11.2408,-74.199,84.69,78,15,15.7,few clouds,2021-08-01 21:35:31
106,Cidreira,BR,-30.1811,-50.2056,57.18,91,88,7.0,overcast clouds,2021-08-01 21:37:53
107,Chuy,UY,-33.6971,-53.4616,49.62,93,23,5.77,few clouds,2021-08-01 21:37:54
108,Arraial Do Cabo,BR,-22.9661,-42.0278,71.56,77,0,8.05,clear sky,2021-08-01 21:37:54
109,Ust-Tsilma,RU,65.441,52.1498,48.45,97,27,3.2,scattered clouds,2021-08-01 21:37:54
110,Maceio,BR,-9.6658,-35.7353,74.64,83,75,10.36,broken clouds,2021-08-01 21:34:12
111,Puerto Baquerizo Moreno,EC,-0.9,-89.6,76.19,69,20,13.8,few clouds,2021-08-01 21:37:55
112,Plouzane,FR,48.3833,-4.6167,60.85,88,0,2.3,clear sky,2021-08-01 21:37:55
113,Solnechnyy,RU,50.7214,136.6319,58.68,82,98,4.03,overcast clouds,2021-08-01 21:37:55
114,Safaga,EG,26.7292,33.9365,89.55,42,17,3.36,few clouds,2021-08-01 21:37:56
115,Phan Thiet,VN,10.9333,108.1,76.17,93,91,10.09,overcast clouds,2021-08-01 21:37:56
116,Pestovo,RU,58.5938,35.8024,59.4,96,85,4.99,overcast clouds,2021-08-01 21:37:56
117,Atar,MR,20.5169,-13.0499,95.04,31,27,10.6,scattered clouds,2021-08-01 21:37:57
118,Turukhansk,RU,65.8167,87.9833,54.39,82,42,6.55,scattered clouds,2021-08-01 21:37:57
119,Maarianhamina,AX,60.0973,19.9348,53.46,100,0,1.14,clear sky,2021-08-01 21:37:57
120,Pocone,BR,-16.2567,-56.6228,80.89,23,0,6.62,clear sky,2021-08-01 21:37:58
121,Hirson,FR,49.9226,4.0826,59.02,92,29,1.81,scattered clouds,2021-08-01 21:37:58
122,Watertown,US,42.3709,-71.1828,77.52,58,20,3.0,few clouds,2021-08-01 21:37:58
123,Ribeira Grande,PT,38.5167,-28.7,73.29,94,59,14.67,broken clouds,2021-08-01 21:37:59
124,Piacabucu,BR,-10.4056,-36.4344,73.47,73,2,13.02,clear sky,2021-08-01 21:37:59
125,Vestmanna,FO,62.1564,-7.1664,45.52,87,90,6.91,overcast clouds,2021-08-01 21:37:59
126,Tuatapere,NZ,-46.1333,167.6833,41.83,89,100,4.21,overcast clouds,2021-08-01 21:38:00
127,Necochea,AR,-38.5473,-58.7368,47.03,75,3,6.55,clear sky,2021-08-01 21:38:00
128,Bethel,US,41.3712,-73.414,75.07,76,90,8.05,overcast clouds,2021-08-01 21:38:00
129,Amberley,US,39.2048,-84.428,80.1,72,40,1.01,haze,2021-08-01 21:38:01
130,Baykit,RU,61.67,96.37,58.46,94,100,1.83,overcast clouds,2021-08-01 21:38:01
131,Lata,PT,40.1629,-8.3327,67.05,99,100,1.5,overcast clouds,2021-08-01 21:38:02
132,Gorlitz,DE,51.1552,14.9885,61.07,94,100,5.01,overcast clouds,2021-08-01 21:38:02
133,Port Elizabeth,ZA,-33.918,25.5701,61.09,72,90,27.63,overcast clouds,2021-08-01 21:38:02
134,Bardiyah,LY,31.7561,25.0865,80.38,75,0,13.62,clear sky,2021-08-01 21:38:03
135,Desbiens,CA,48.4178,-71.9495,72.07,68,96,3.89,light rain,2021-08-01 21:38:03
136,Mana,GF,5.6592,-53.7767,79.47,83,58,8.32,moderate rain,2021-08-01 21:38:03
137,Saint-Philippe,RE,-21.3585,55.7679,67.55,77,49,9.08,scattered clouds,2021-08-01 21:38:04
138,Aberdeen,GB,57.1437,-2.0981,55.2,85,90,9.22,overcast clouds,2021-08-01 21:36:33
139,Bluff,NZ,-46.6,168.3333,41.81,84,97,7.09,overcast clouds,2021-08-01 21:38:04
140,Clyde River,CA,70.4692,-68.5914,43.03,87,90,18.41,overcast clouds,2021-08-01 21:38:05
141,Katsuura,JP,35.1333,140.3,80.71,78,3,5.26,clear sky,2021-08-01 21:38:05
142,Bourail,NC,-21.5667,165.4833,67.84,52,14,6.64,few clouds,2021-08-01 21:38:05
143,Kaitangata,NZ,-46.2817,169.8464,45.75,93,32,4.5,scattered clouds,2021-08-01 21:38:06
144,Emerald,AU,-23.5333,148.1667,57.34,100,0,4.61,clear sky,2021-08-01 21:38:06
145,Jawhar,SO,2.7809,45.5005,72.99,88,58,12.53,light rain,2021-08-01 21:38:06
146,Thompson,CA,55.7435,-97.8558,84.36,32,20,12.66,few clouds,2021-08-01 21:38:07
147,Hope,US,33.6671,-93.5916,95.05,41,100,2.42,overcast clouds,2021-08-01 21:38:07
148,Luorong,CN,24.4058,109.6086,77.5,88,92,1.79,overcast clouds,2021-08-01 21:38:07
149,Hamoir,BE,50.4268,5.533,59.85,96,99,3.06,overcast clouds,2021-08-01 21:38:08
150,Kungurtug,RU,50.5994,97.5228,50.34,96,100,4.88,overcast clouds,2021-08-01 21:38:08
151,Ndago,TZ,-4.6,34.35,63.73,52,37,13.0,scattered clouds,2021-08-01 21:38:09
152,Lebu,CL,-37.6167,-73.65,50.88,75,37,19.08,scattered clouds,2021-08-01 21:38:09
153,Beloha,MG,-25.1667,45.05,66.25,58,0,8.39,clear sky,2021-08-01 21:38:09
154,Gouyave,GD,12.1646,-61.7296,83.17,79,20,18.41,few clouds,2021-08-01 21:38:10
155,Sakaiminato,JP,35.55,133.2333,78.73,88,75,5.75,broken clouds,2021-08-01 21:38:10
156,Constitucion,CL,-35.3333,-72.4167,55.38,66,0,10.78,clear sky,2021-08-01 21:38:10
157,East London,ZA,-33.0153,27.9116,62.8,60,29,19.93,scattered clouds,2021-08-01 21:38:11
158,Lat Yao,TH,15.751,99.7893,80.28,69,100,7.81,light rain,2021-08-01 21:38:11
159,Berekua,DM,15.2333,-61.3167,84.49,83,40,8.05,scattered clouds,2021-08-01 21:38:12
160,Lashma,RU,54.9321,41.1438,66.45,65,34,4.05,scattered clouds,2021-08-01 21:38:12
161,Ambilobe,MG,-13.2,49.05,67.8,81,5,3.44,clear sky,2021-08-01 21:38:12
162,Kavieng,PG,-2.5744,150.7967,82.71,75,3,9.24,clear sky,2021-08-01 21:38:13
163,Kodiak,US,57.79,-152.4072,60.31,77,90,4.61,overcast clouds,2021-08-01 21:38:13
164,Umm Lajj,SA,25.0213,37.2685,87.58,48,5,5.28,clear sky,2021-08-01 21:38:13
165,Calvinia,ZA,-31.4707,19.776,51.31,34,26,1.72,scattered clouds,2021-08-01 21:38:13
166,Banda Aceh,ID,5.5577,95.3222,79.74,73,99,15.48,overcast clouds,2021-08-01 21:38:14
167,Port Alfred,ZA,-33.5906,26.891,60.84,83,36,25.93,scattered clouds,2021-08-01 21:38:14
168,Morondava,MG,-20.2833,44.2833,66.65,86,2,4.52,clear sky,2021-08-01 21:38:14
169,Jadu,LY,31.953,12.0261,89.1,13,30,15.95,scattered clouds,2021-08-01 21:38:15
170,Gairo,IT,39.8497,9.5047,69.01,64,70,6.11,broken clouds,2021-08-01 21:38:15
171,Chicama,PE,-7.8447,-79.1469,64.94,68,4,8.95,clear sky,2021-08-01 21:38:15
172,Novyy Urengoy,RU,66.0833,76.6333,57.34,63,100,12.01,overcast clouds,2021-08-01 21:38:16
173,Carnarvon,AU,-24.8667,113.6333,50.07,66,0,11.5,clear sky,2021-08-01 21:38:16
174,Adrar,MR,20.5022,-10.0711,95.02,25,29,8.43,scattered clouds,2021-08-01 21:38:17
175,Surgut,RU,61.25,73.4167,59.18,100,40,8.95,light intensity shower rain,2021-08-01 21:38:17
176,Port Blair,IN,11.6667,92.75,81.82,81,100,19.01,overcast clouds,2021-08-01 21:38:17
177,Morris,US,40.8334,-74.5329,73.96,85,90,1.01,light rain,2021-08-01 21:38:17
178,Meulaboh,ID,4.1363,96.1285,74.75,89,100,5.32,overcast clouds,2021-08-01 21:38:18
179,Touros,BR,-5.1989,-35.4608,77.9,74,5,19.42,clear sky,2021-08-01 21:38:18
180,Labuan,MY,5.2767,115.2417,79.16,83,20,5.99,few clouds,2021-08-01 21:38:18
181,Shelburne,CA,44.0787,-80.2041,64.8,72,95,12.15,light rain,2021-08-01 21:38:19
182,Portland,US,45.5234,-122.6762,96.21,40,20,1.01,few clouds,2021-08-01 21:36:07
183,Garowe,SO,8.4054,48.4845,80.33,51,38,25.21,scattered clouds,2021-08-01 21:38:19
184,Darhan,MN,49.4867,105.9228,62.47,85,100,6.26,overcast clouds,2021-08-01 21:38:20
185,Butaritari,KI,3.0707,172.7902,83.17,69,10,10.38,clear sky,2021-08-01 21:38:20
186,Georgetown,MY,5.4112,100.3354,75.88,92,20,1.01,few clouds,2021-08-01 21:38:20
187,Haines Junction,CA,60.7522,-137.5108,78.75,31,20,4.61,few clouds,2021-08-01 21:38:21
188,La Ligua,CL,-32.4524,-71.2311,62.38,50,0,1.41,clear sky,2021-08-01 21:38:21
189,Lewisburg,US,35.4492,-86.7889,85.08,74,20,6.91,few clouds,2021-08-01 21:38:21
190,Vao,NC,-22.6667,167.4833,66.47,58,59,9.46,broken clouds,2021-08-01 21:38:22
191,Blagoyevo,RU,63.3667,47.9167,56.26,95,64,4.41,broken clouds,2021-08-01 21:38:22
192,Mnogovershinnyy,RU,53.9353,139.9242,56.25,75,99,2.3,overcast clouds,2021-08-01 21:38:22
193,Pevek,RU,69.7008,170.3133,33.46,97,100,14.38,overcast clouds,2021-08-01 21:38:23
194,Sibolga,ID,1.7427,98.7792,74.66,88,100,2.53,overcast clouds,2021-08-01 21:38:23
195,Geraldton,AU,-28.7667,114.6,45.01,93,3,10.36,clear sky,2021-08-01 21:38:23
196,Edd,ER,13.9297,41.6925,90.63,64,100,7.81,overcast clouds,2021-08-01 21:38:24
197,Walvis Bay,NA,-22.9575,14.5053,72.55,17,0,13.8,clear sky,2021-08-01 21:38:24
198,Marsa Matruh,EG,31.3525,27.2453,80.8,89,0,9.22,clear sky,2021-08-01 21:38:24
199,Takoradi,GH,4.8845,-1.7554,75.51,89,19,5.57,few clouds,2021-08-01 21:38:25
200,Sakakah,SA,29.9697,40.2064,87.37,13,0,9.62,clear sky,2021-08-01 21:38:25
201,Gashua,NG,12.871,11.0482,85.28,58,98,12.39,overcast clouds,2021-08-01 21:38:25
202,Victoria,HK,22.2855,114.1577,85.96,89,93,1.99,overcast clouds,2021-08-01 21:38:07
203,Huarmey,PE,-10.0681,-78.1522,68.0,74,11,9.55,few clouds,2021-08-01 21:38:26
204,Hasaki,JP,35.7333,140.8333,79.29,84,13,6.29,few clouds,2021-08-01 21:38:26
205,Mayumba,GA,-3.432,10.6554,74.03,84,99,7.58,overcast clouds,2021-08-01 21:38:27
206,Thanh Hoa,VN,19.8,105.7667,77.54,93,98,3.27,moderate rain,2021-08-01 21:38:27
207,Leningradskiy,RU,69.3833,178.4167,35.35,94,100,18.5,light rain,2021-08-01 21:38:27
208,Souillac,MU,-20.5167,57.5167,68.38,94,75,11.5,broken clouds,2021-08-01 21:38:28
209,Beringovskiy,RU,63.05,179.3167,46.47,74,40,16.71,scattered clouds,2021-08-01 21:38:28
210,Mzimba,MW,-11.9,33.6,53.92,74,1,4.7,clear sky,2021-08-01 21:38:28
211,Mayo,US,38.8876,-76.5119,82.38,90,90,8.01,overcast clouds,2021-08-01 21:38:29
212,Kapit,MY,2.0167,112.9333,73.62,99,94,1.72,light rain,2021-08-01 21:38:29
213,Seoul,KR,37.5683,126.9778,76.6,94,90,2.3,overcast clouds,2021-08-01 21:33:32
214,Hervey Bay,AU,-25.2986,152.8535,70.03,94,3,3.0,clear sky,2021-08-01 21:38:29
215,Kenai,US,60.5544,-151.2583,73.02,58,1,6.91,clear sky,2021-08-01 21:38:30
216,Gumdag,TM,39.2061,54.5906,87.89,12,91,6.2,overcast clouds,2021-08-01 21:38:30
217,Jining,CN,35.405,116.5814,73.26,92,7,6.51,clear sky,2021-08-01 21:38:30
218,Karakol,KG,42.4907,78.3936,58.3,38,86,3.09,overcast clouds,2021-08-01 21:38:31
219,Vyshneve,UA,50.3891,30.3705,78.1,73,0,2.24,clear sky,2021-08-01 21:38:31
220,Bongandanga,CD,1.5,21.05,71.98,82,100,2.3,overcast clouds,2021-08-01 21:38:31
221,Thinadhoo,MV,0.5333,72.9333,81.68,72,98,5.03,light rain,2021-08-01 21:38:32
222,Dikson,RU,73.5069,80.5464,39.7,99,99,8.08,overcast clouds,2021-08-01 21:38:32
223,Tromso,NO,69.6496,18.957,48.22,71,75,8.05,broken clouds,2021-08-01 21:34:57
224,Pacific Grove,US,36.6177,-121.9166,84.16,73,1,5.99,clear sky,2021-08-01 21:38:32
225,Bandarbeyla,SO,9.4942,50.8122,82.24,62,14,25.59,few clouds,2021-08-01 21:38:33
226,Sawakin,SD,19.1059,37.3321,94.73,44,16,22.79,few clouds,2021-08-01 21:38:33
227,Saint-Augustin,CA,51.226,-58.6502,62.89,71,88,18.16,overcast clouds,2021-08-01 21:38:33
228,Moranbah,AU,-22.0016,148.0466,64.38,73,0,1.9,clear sky,2021-08-01 21:38:34
229,Zabol,AF,32.25,67.25,72.81,16,0,9.37,clear sky,2021-08-01 21:38:34
230,Ahipara,NZ,-35.1667,173.1667,57.09,77,66,10.8,broken clouds,2021-08-01 21:38:35
231,Cherskiy,RU,68.75,161.3,36.93,82,97,18.99,overcast clouds,2021-08-01 21:38:35
232,Biak,ID,-0.9131,122.8766,74.79,85,26,5.97,scattered clouds,2021-08-01 21:38:35
233,Chilca,PE,-12.5211,-76.7372,68.61,83,16,4.7,few clouds,2021-08-01 21:38:36
234,Great Yarmouth,GB,52.6083,1.7305,57.56,79,13,9.01,few clouds,2021-08-01 21:38:36
235,Hermanus,ZA,-34.4187,19.2345,57.9,79,94,2.19,overcast clouds,2021-08-01 21:38:36
236,Bathsheba,BB,13.2167,-59.5167,84.81,74,20,10.36,few clouds,2021-08-01 21:38:37
237,Cabedelo,BR,-6.9811,-34.8339,77.67,76,4,18.99,clear sky,2021-08-01 21:38:37
238,Lapy,PL,52.9911,22.8842,64.49,97,97,6.04,overcast clouds,2021-08-01 21:38:37
239,Luocheng,CN,29.3848,104.0286,71.58,82,0,1.88,clear sky,2021-08-01 21:38:38
240,Chapais,CA,49.7834,-74.8492,62.38,62,98,7.63,overcast clouds,2021-08-01 21:38:38
241,Yekaterinovka,RU,52.0508,44.3451,71.17,63,22,4.41,few clouds,2021-08-01 21:38:39
242,Bowen,AU,-20.0167,148.2333,53.82,78,10,5.93,clear sky,2021-08-01 21:38:39
243,Dali,CN,25.7,100.1833,60.8,85,29,2.26,scattered clouds,2021-08-01 21:38:39
244,Calatayud,ES,41.3535,-1.6432,70.38,50,11,4.68,few clouds,2021-08-01 21:38:40
245,Tuy Hoa,VN,13.0833,109.3,83.08,68,99,12.86,overcast clouds,2021-08-01 21:38:40
246,Sumbawanga,TZ,-7.9667,31.6167,51.06,79,20,4.7,few clouds,2021-08-01 21:38:40
247,Chokurdakh,RU,70.6333,147.9167,40.77,66,30,8.1,scattered clouds,2021-08-01 21:38:41
248,Pierre,US,44.3683,-100.351,91.99,32,1,3.0,haze,2021-08-01 21:38:41
249,Los Llanos De Aridane,ES,28.6585,-17.9182,68.13,71,75,17.27,broken clouds,2021-08-01 21:38:41
250,Acarau,BR,-2.8856,-40.12,78.46,77,83,13.4,broken clouds,2021-08-01 21:36:29
251,Derzhavinsk,KZ,51.1,66.3167,74.55,52,70,6.26,broken clouds,2021-08-01 21:38:42
252,Nouadhibou,MR,20.931,-17.0347,71.58,83,0,11.5,clear sky,2021-08-01 21:38:42
253,Egvekinot,RU,66.3167,-179.1667,42.87,62,53,1.57,broken clouds,2021-08-01 21:38:43
254,Nanortalik,GL,60.1432,-45.2371,48.63,80,100,11.41,light rain,2021-08-01 21:38:43
255,Chumikan,RU,54.7183,135.315,55.96,75,100,4.03,overcast clouds,2021-08-01 21:38:43
256,Pisco,PE,-13.7,-76.2167,66.25,72,0,11.5,clear sky,2021-08-01 21:34:51
257,Lavrentiya,RU,65.5833,-171.0,41.14,84,100,12.68,light rain,2021-08-01 21:38:44
258,Bavly,RU,54.393,53.2602,65.37,59,79,2.15,broken clouds,2021-08-01 21:38:44
259,Opuwo,NA,-18.0607,13.84,61.59,29,0,6.62,clear sky,2021-08-01 21:38:44
260,Riyadh,SA,24.6877,46.7219,96.94,10,4,6.91,clear sky,2021-08-01 21:36:57
261,Lagoa,PT,39.05,-27.9833,72.12,95,43,16.15,scattered clouds,2021-08-01 21:38:45
262,Tiksi,RU,71.6872,128.8694,47.37,71,20,4.52,few clouds,2021-08-01 21:38:45
263,Robertsport,LR,6.7533,-11.3686,78.08,78,100,12.37,overcast clouds,2021-08-01 21:38:46
264,Tuktoyaktuk,CA,69.4541,-133.0374,71.6,64,75,10.36,broken clouds,2021-08-01 21:38:46
265,Broome,US,42.2506,-75.833,63.01,95,90,1.01,moderate rain,2021-08-01 21:38:46
266,Iqaluit,CA,63.7506,-68.5145,53.33,76,90,3.0,overcast clouds,2021-08-01 21:38:46
267,Wanning,CN,18.8003,110.3967,80.6,87,100,9.98,overcast clouds,2021-08-01 21:38:47
268,Joshimath,IN,30.5667,79.5667,71.42,86,92,1.92,overcast clouds,2021-08-01 21:38:47
269,Charcas,MX,23.1333,-101.1167,78.89,30,20,11.9,few clouds,2021-08-01 21:38:47
270,Ancud,CL,-41.8697,-73.8203,49.53,80,59,3.62,broken clouds,2021-08-01 21:38:48
271,Byron Bay,AU,-28.65,153.6167,66.09,83,45,11.99,scattered clouds,2021-08-01 21:38:48
272,Alice Springs,AU,-23.7,133.8833,53.15,62,40,8.05,scattered clouds,2021-08-01 21:38:48
273,Sorland,NO,67.667,12.6934,49.14,72,95,12.93,overcast clouds,2021-08-01 21:38:49
274,Ugoofaaru,MV,5.6667,73.0,82.62,76,98,13.38,overcast clouds,2021-08-01 21:38:49
275,Lorengau,PG,-2.0226,147.2712,84.27,73,35,11.03,scattered clouds,2021-08-01 21:38:49
276,Eston,CA,51.1501,-108.7514,94.89,18,70,8.12,broken clouds,2021-08-01 21:38:50
277,Pogar,RU,52.554,33.2591,68.0,79,34,7.14,scattered clouds,2021-08-01 21:38:50
278,Natal,BR,-5.795,-35.2094,79.02,73,0,16.11,clear sky,2021-08-01 21:38:51
279,Humaita,BR,-7.5061,-63.0208,85.33,35,5,3.2,clear sky,2021-08-01 21:36:56
280,Arman,RU,59.7,150.1667,54.34,49,0,18.28,clear sky,2021-08-01 21:38:51
281,Port Lincoln,AU,-34.7333,135.8667,52.34,50,19,25.59,few clouds,2021-08-01 21:38:51
282,Lahij,YE,13.1667,44.5833,86.38,52,64,2.33,broken clouds,2021-08-01 21:38:52
283,Virginia Beach,US,36.8529,-75.978,84.02,85,75,0.0,broken clouds,2021-08-01 21:34:08
284,Sawtell,AU,-30.3833,153.1,63.19,78,94,10.36,overcast clouds,2021-08-01 21:38:52
285,Ndele,CF,8.4109,20.6473,66.87,97,87,1.21,overcast clouds,2021-08-01 21:38:52
286,Neuquen,AR,-38.9516,-68.0591,60.69,51,0,0.0,clear sky,2021-08-01 21:34:16
287,Altamira,BR,-3.2033,-52.2064,78.89,94,20,0.0,few clouds,2021-08-01 21:38:53
288,Samandag,TR,36.0842,35.9771,82.92,66,2,3.18,clear sky,2021-08-01 21:38:53
289,Halifax,CA,44.6453,-63.5724,73.35,65,1,5.01,clear sky,2021-08-01 21:33:57
290,Beira,MZ,-19.8436,34.8389,60.89,100,0,4.61,clear sky,2021-08-01 21:38:54
291,Coahuayana,MX,18.7333,-103.6833,92.68,61,8,6.15,clear sky,2021-08-01 21:38:54
292,Ambon,ID,-3.6954,128.1814,75.34,94,40,8.05,scattered clouds,2021-08-01 21:38:54
293,Puerto Madryn,AR,-42.7692,-65.0385,60.49,35,24,13.09,few clouds,2021-08-01 21:38:55
294,Siilinjarvi,FI,63.0833,27.6667,60.82,88,56,6.91,broken clouds,2021-08-01 21:38:55
295,Marsh Harbour,BS,26.5412,-77.0636,85.01,71,68,9.91,light rain,2021-08-01 21:35:28
296,Caravelas,BR,-17.7125,-39.2481,68.99,65,95,8.9,overcast clouds,2021-08-01 21:38:55
297,Isabela,PH,6.7085,121.9711,80.65,87,100,4.27,overcast clouds,2021-08-01 21:38:56
298,Kieta,PG,-6.2167,155.6333,80.53,79,9,2.26,clear sky,2021-08-01 21:38:56
299,San Patricio,US,28.017,-97.5169,99.32,48,99,16.55,overcast clouds,2021-08-01 21:38:56
300,Portobelo,PA,9.55,-79.65,85.05,83,100,3.49,overcast clouds,2021-08-01 21:38:57
301,Chuchkovo,RU,54.2693,41.4465,68.43,60,31,7.54,scattered clouds,2021-08-01 21:38:57
302,Tasiilaq,GL,65.6145,-37.6368,55.56,76,38,4.83,scattered clouds,2021-08-01 21:38:57
303,Balykshi,KZ,47.0667,51.8667,75.2,31,0,6.71,clear sky,2021-08-01 21:38:58
304,Longyearbyen,SJ,78.2186,15.6401,46.24,66,75,17.27,light rain,2021-08-01 21:38:58
305,Mogadishu,SO,2.0371,45.3438,75.92,85,65,18.34,light rain,2021-08-01 21:38:58
306,Raga,SS,8.4596,25.678,67.96,95,94,5.1,overcast clouds,2021-08-01 21:38:59
307,Pangnirtung,CA,66.1451,-65.7125,53.29,70,100,2.89,overcast clouds,2021-08-01 21:38:59
308,Richards Bay,ZA,-28.783,32.0377,62.6,60,4,4.18,clear sky,2021-08-01 21:38:59
309,Port Hedland,AU,-20.3167,118.5667,60.85,39,0,13.8,clear sky,2021-08-01 21:39:00
310,Paamiut,GL,61.994,-49.6678,47.34,90,100,3.4,overcast clouds,2021-08-01 21:39:00
311,Vila Franca Do Campo,PT,37.7167,-25.4333,72.01,96,87,8.81,overcast clouds,2021-08-01 21:39:00
312,Khujand,TJ,40.2853,69.6279,76.28,46,98,4.47,overcast clouds,2021-08-01 21:39:01
313,Suchindram,IN,8.15,77.4833,79.81,74,99,15.66,overcast clouds,2021-08-01 21:39:01
314,Iquitos,PE,-3.7481,-73.2472,84.24,58,75,4.61,broken clouds,2021-08-01 21:39:01
315,Kutum,SD,14.2,24.6667,74.14,68,57,13.98,broken clouds,2021-08-01 21:39:02
316,Palmer,US,42.1584,-72.3287,76.55,58,75,4.0,broken clouds,2021-08-01 21:39:02
317,Namibe,AO,-15.1961,12.1522,69.28,82,65,1.63,broken clouds,2021-08-01 21:39:03
318,Luderitz,NA,-26.6481,15.1594,65.52,37,0,5.95,clear sky,2021-08-01 21:39:03
319,Saratoga Springs,US,43.0831,-73.7846,74.79,91,92,1.99,heavy intensity rain,2021-08-01 21:37:10
320,Kabala,SL,9.5833,-11.55,69.73,98,100,5.66,light rain,2021-08-01 21:39:03
321,Sioux Lookout,CA,50.1001,-91.917,75.58,38,75,9.22,broken clouds,2021-08-01 21:39:04
322,Camargo,MX,27.6667,-105.1667,86.65,32,38,16.04,scattered clouds,2021-08-01 21:39:04
323,Sivas,TR,39.7916,37.0019,57.83,82,0,4.61,clear sky,2021-08-01 21:39:04
324,Manga,BF,11.6636,-1.0731,76.32,77,20,6.24,few clouds,2021-08-01 21:39:05
325,Deniliquin,AU,-35.5333,144.9667,39.0,83,0,7.2,clear sky,2021-08-01 21:39:05
326,Antalaha,MG,-14.9003,50.2788,66.25,89,90,6.33,overcast clouds,2021-08-01 21:39:06
327,Sault Sainte Marie,CA,46.5168,-84.3333,71.89,60,75,14.97,broken clouds,2021-08-01 21:39:06
328,Poiares,PT,40.2103,-8.2575,67.35,99,100,1.7,overcast clouds,2021-08-01 21:39:06
329,Fortuna,US,40.5982,-124.1573,86.41,69,20,3.0,few clouds,2021-08-01 21:39:06
330,Colares,PT,38.7992,-9.4469,70.32,78,44,4.0,scattered clouds,2021-08-01 21:39:07
331,Balkanabat,TM,39.5108,54.3671,88.09,13,52,4.68,broken clouds,2021-08-01 21:39:07
332,Ozinki,RU,51.1786,49.6769,76.44,48,0,6.87,clear sky,2021-08-01 21:39:07
333,Ojinaga,MX,29.5667,-104.4167,83.35,47,1,4.61,clear sky,2021-08-01 21:39:08
334,Puerto Madero,MX,14.7208,-92.4215,91.6,70,75,11.5,broken clouds,2021-08-01 21:39:08
335,Barguzin,RU,53.6167,109.6167,58.53,83,8,1.61,clear sky,2021-08-01 21:39:08
336,Kudahuvadhoo,MV,2.6708,72.8944,82.22,72,100,6.96,overcast clouds,2021-08-01 21:39:09
337,Jinxiang,CN,27.4327,120.6062,78.8,91,100,5.57,overcast clouds,2021-08-01 21:39:09
338,Brazzaville,CG,-4.2658,15.2832,73.76,78,61,3.44,broken clouds,2021-08-01 21:39:09
339,Denpasar,ID,-8.65,115.2167,78.46,94,40,9.22,scattered clouds,2021-08-01 21:39:10
340,Aswan,EG,24.0934,32.907,96.1,12,0,3.44,clear sky,2021-08-01 21:39:10
341,Ushtobe,KZ,45.2514,77.9838,67.69,21,0,7.47,clear sky,2021-08-01 21:39:10
342,Bima,ID,-8.4667,118.7167,73.76,96,30,4.38,scattered clouds,2021-08-01 21:39:11
343,Camabatela,AO,-8.1881,15.375,62.44,46,5,3.22,clear sky,2021-08-01 21:39:11
344,Dubbo,AU,-32.25,148.6167,37.53,100,0,11.5,clear sky,2021-08-01 21:39:11
345,Okhotsk,RU,59.3833,143.3,61.72,52,0,9.53,clear sky,2021-08-01 21:39:12
346,Naryan-Mar,RU,67.6713,53.087,49.41,90,89,8.12,overcast clouds,2021-08-01 21:39:12
347,Jalu,LY,29.0331,21.5482,88.03,23,4,10.85,clear sky,2021-08-01 21:39:12
348,Ginda,IN,30.6945,78.4932,65.12,87,19,3.65,few clouds,2021-08-01 21:39:13
349,Carutapera,BR,-1.195,-46.02,75.06,88,76,2.21,broken clouds,2021-08-01 21:39:13
350,Saint-Pierre,RE,-21.3393,55.4781,67.64,67,20,5.75,few clouds,2021-08-01 21:39:13
351,Povenets,RU,62.8487,34.8262,57.24,97,100,6.15,overcast clouds,2021-08-01 21:39:14
352,Villacarrillo,ES,38.1156,-3.0848,66.25,25,53,0.85,broken clouds,2021-08-01 21:39:14
353,Vardo,NO,70.3705,31.1107,53.8,96,100,8.7,overcast clouds,2021-08-01 21:39:14
354,Sterling,US,39.0062,-77.4286,84.31,79,75,1.01,broken clouds,2021-08-01 21:36:23
355,Kuminskiy,RU,58.6667,66.5667,57.4,97,9,5.68,clear sky,2021-08-01 21:39:15
356,Norman Wells,CA,65.282,-126.8329,86.04,28,75,4.61,smoke,2021-08-01 21:39:15
357,Aguas Formosas,BR,-17.0822,-40.9358,63.16,66,72,7.99,broken clouds,2021-08-01 21:39:16
358,Lisakovsk,KZ,52.5369,62.4936,69.15,72,17,6.49,few clouds,2021-08-01 21:39:16
359,Pagudpud,PH,18.5616,120.7868,80.56,88,100,16.35,overcast clouds,2021-08-01 21:39:16
360,Singapore,SG,1.2897,103.8501,78.75,90,75,2.3,broken clouds,2021-08-01 21:36:02
361,Dunedin,NZ,-45.8742,170.5036,49.8,78,98,21.0,overcast clouds,2021-08-01 21:37:39
362,Grand Gaube,MU,-20.0064,57.6608,68.4,79,23,7.0,few clouds,2021-08-01 21:39:17
363,Mpongwe,ZM,-13.5091,28.155,54.73,76,0,4.38,clear sky,2021-08-01 21:39:17
364,Phalodi,IN,27.1333,72.3667,82.92,74,100,21.32,overcast clouds,2021-08-01 21:39:17
365,Kahului,US,20.8947,-156.47,85.26,61,20,27.63,few clouds,2021-08-01 21:39:18
366,Santiago,CL,-33.4569,-70.6483,80.04,12,0,3.44,clear sky,2021-08-01 21:39:09
367,Airai,TL,-8.9266,125.4092,56.1,85,23,2.82,few clouds,2021-08-01 21:39:18
368,Megion,RU,61.0296,76.1136,57.22,77,100,8.72,overcast clouds,2021-08-01 21:39:18
369,Codrington,AU,-38.2667,141.9667,43.18,84,0,16.02,clear sky,2021-08-01 21:39:19
370,Toma,BF,12.7667,-2.8833,80.51,67,68,9.19,broken clouds,2021-08-01 21:39:19
371,Esperance,AU,-33.8667,121.9,51.64,64,56,23.02,broken clouds,2021-08-01 21:39:19
372,Mocuba,MZ,-16.8392,36.9856,59.67,85,0,0.65,clear sky,2021-08-01 21:39:20
373,East Bethel,US,45.3194,-93.2025,81.01,42,75,4.0,broken clouds,2021-08-01 21:39:20
374,Dongsheng,CN,39.8161,109.9776,60.3,63,17,9.73,few clouds,2021-08-01 21:39:21
375,Awbari,LY,26.5921,12.7805,89.74,10,0,5.53,clear sky,2021-08-01 21:39:21
376,Baruun-Urt,MN,46.6806,113.2792,58.26,58,1,6.44,clear sky,2021-08-01 21:39:21
377,Katobu,ID,-4.9408,122.5276,72.68,95,33,2.62,scattered clouds,2021-08-01 21:39:22
378,Upernavik,GL,72.7868,-56.1549,42.84,80,23,12.37,few clouds,2021-08-01 21:39:22
379,Kuching,MY,1.55,110.3333,75.42,94,20,3.44,mist,2021-08-01 21:39:22
380,Del Rio,US,29.3627,-100.8968,104.23,31,1,10.36,clear sky,2021-08-01 21:34:40
381,Ixtapa,MX,20.7,-105.2,90.23,62,20,9.22,few clouds,2021-08-01 21:39:23
382,Mareeba,AU,-17.0,145.4333,63.45,92,43,2.71,scattered clouds,2021-08-01 21:39:23
383,Saint George,US,37.1041,-113.5841,98.64,29,1,1.01,clear sky,2021-08-01 21:37:07
384,Te Anau,NZ,-45.4167,167.7167,44.2,90,99,1.95,light rain,2021-08-01 21:39:24
385,Filadelfia,US,39.9523,-75.1638,76.17,77,90,3.0,overcast clouds,2021-08-01 21:37:47
386,Akureyri,IS,65.6835,-18.0878,55.33,76,75,4.61,broken clouds,2021-08-01 21:39:24
387,Saint-Louis,SN,16.3333,-15.0,96.44,48,57,16.02,broken clouds,2021-08-01 21:39:24
388,Marovoay,MG,-16.1,46.6333,69.94,66,15,1.19,few clouds,2021-08-01 21:39:25
389,Road Town,VG,18.4167,-64.6167,86.04,74,20,8.05,few clouds,2021-08-01 21:39:25
390,Verkhoyansk,RU,67.5447,133.385,60.51,42,0,2.39,clear sky,2021-08-01 21:39:25
391,San Quintin,MX,30.4833,-115.95,78.31,58,3,15.68,clear sky,2021-08-01 21:39:26
392,Namuac,PH,18.6109,121.1657,81.34,79,100,6.98,overcast clouds,2021-08-01 21:39:26
393,Salalah,OM,17.0151,54.0924,77.09,94,90,4.61,overcast clouds,2021-08-01 21:39:26
394,Sola,VU,-13.8833,167.55,75.87,69,75,5.75,broken clouds,2021-08-01 21:39:27
395,Payakumbuh,ID,-0.2202,100.6308,67.26,98,83,3.22,broken clouds,2021-08-01 21:39:27
396,Pantai Remis,MY,4.4557,100.6288,77.36,84,99,3.87,overcast clouds,2021-08-01 21:39:27
397,Krasnokamensk,RU,50.0979,118.0369,57.18,76,40,4.68,scattered clouds,2021-08-01 21:39:28
398,Baiyin,CN,36.5583,104.2081,65.28,39,11,5.35,few clouds,2021-08-01 21:39:28
399,Weinan,CN,34.5036,109.5089,82.09,80,88,4.65,overcast clouds,2021-08-01 21:39:28
400,Nabire,ID,-3.3667,135.4833,75.56,92,87,3.22,overcast clouds,2021-08-01 21:39:29
401,Krasnoarmeysk,RU,51.0239,45.6969,75.15,58,41,4.74,scattered clouds,2021-08-01 21:39:29
402,Faanui,PF,-16.4833,-151.75,77.76,68,36,14.63,scattered clouds,2021-08-01 21:39:29
403,Keti Bandar,PK,24.1447,67.4497,81.46,84,100,22.41,overcast clouds,2021-08-01 21:39:30
404,Tanout,NE,14.9709,8.8879,90.39,41,97,10.76,overcast clouds,2021-08-01 21:39:30
405,Saldanha,ZA,-33.0117,17.9442,48.25,88,71,8.93,broken clouds,2021-08-01 21:39:30
406,Yeniseysk,RU,58.4497,92.1703,54.52,96,86,1.14,overcast clouds,2021-08-01 21:39:31
407,Talnakh,RU,69.4865,88.3972,55.44,89,100,4.59,overcast clouds,2021-08-01 21:39:31
408,Ta Khmau,KH,11.4833,104.95,82.45,78,40,5.75,scattered clouds,2021-08-01 21:39:31
409,Kodinsk,RU,58.6881,99.1844,56.68,99,100,5.32,overcast clouds,2021-08-01 21:39:31
410,Nuevo Progreso,MX,23.1667,-97.95,96.6,53,1,5.01,clear sky,2021-08-01 21:39:32
411,Sao Jose Da Coroa Grande,BR,-8.8978,-35.1478,74.05,79,9,15.46,clear sky,2021-08-01 21:39:32
412,Valparaiso,CL,-33.0393,-71.6273,80.83,49,0,9.22,clear sky,2021-08-01 21:39:32
413,Shaki,AZ,41.0833,47.1667,79.59,41,79,4.41,broken clouds,2021-08-01 21:39:33
414,Fuerte Olimpo,PY,-21.0415,-57.8738,69.75,41,99,4.23,overcast clouds,2021-08-01 21:39:33
415,Nova Borova,UA,50.693,28.6345,69.22,77,84,6.8,broken clouds,2021-08-01 21:39:34
416,Argir,FO,61.9959,-6.7715,47.37,83,84,0.92,broken clouds,2021-08-01 21:39:34
417,Deputatskiy,RU,69.3,139.9,43.57,71,6,5.1,clear sky,2021-08-01 21:39:34
418,Yerbogachen,RU,61.2767,108.0108,59.52,65,100,5.19,overcast clouds,2021-08-01 21:39:34
419,Wilmington,US,34.2257,-77.9447,91.98,74,1,13.8,clear sky,2021-08-01 21:35:35
420,Kushiro,JP,42.975,144.3747,67.55,99,100,6.06,overcast clouds,2021-08-01 21:39:35
421,Veliki Preslav,BG,43.1667,26.8167,72.3,66,0,5.77,clear sky,2021-08-01 21:39:35
422,Tessalit,ML,20.1986,1.0114,87.06,40,6,12.19,clear sky,2021-08-01 21:36:44
423,Coquimbo,CL,-29.9533,-71.3436,58.73,82,0,11.5,clear sky,2021-08-01 21:37:57
424,Bolobo,CD,-2.1667,16.2333,79.02,47,74,3.83,broken clouds,2021-08-01 21:39:36
425,Margate,GB,51.3813,1.3862,60.69,84,97,1.99,overcast clouds,2021-08-01 21:39:36
426,Whitehorse,CA,60.7161,-135.0538,82.09,26,20,5.75,few clouds,2021-08-01 21:36:55
427,Jiazi,CN,22.8779,116.067,81.7,89,97,5.88,overcast clouds,2021-08-01 21:39:37
428,Labytnangi,RU,66.6572,66.4183,55.47,98,100,3.11,overcast clouds,2021-08-01 21:39:37
429,Myitkyina,MM,25.3833,97.4,72.66,97,46,1.41,scattered clouds,2021-08-01 21:39:37
430,Vanimo,PG,-2.6741,141.3028,78.04,88,29,4.94,scattered clouds,2021-08-01 21:39:37
431,Narsaq,GL,60.9167,-46.05,61.02,70,100,3.71,light rain,2021-08-01 21:39:38
432,Fergus Falls,US,46.283,-96.0776,79.47,33,1,4.61,clear sky,2021-08-01 21:35:54
433,Saint-Joseph,RE,-21.3667,55.6167,66.56,74,37,9.13,scattered clouds,2021-08-01 21:39:38
434,Duyun,CN,26.2667,107.5167,70.21,91,3,2.95,clear sky,2021-08-01 21:39:39
435,Mbandaka,CD,0.0487,18.2603,71.98,80,100,3.49,overcast clouds,2021-08-01 21:39:39
436,Vestmannaeyjar,IS,63.4427,-20.2734,54.12,91,94,8.34,overcast clouds,2021-08-01 21:39:39
437,Orange Cove,US,36.6244,-119.3137,105.84,23,1,5.75,clear sky,2021-08-01 21:39:40
438,Titay,PH,7.8125,122.5344,75.13,89,95,1.07,overcast clouds,2021-08-01 21:39:40
439,Noumea,NC,-22.2763,166.4572,69.01,99,55,8.01,broken clouds,2021-08-01 21:37:56
440,Newport,GB,51.5877,-2.9984,61.83,81,77,7.4,broken clouds,2021-08-01 21:39:40
441,Praia Da Vitoria,PT,38.7333,-27.0667,74.75,100,90,16.15,light intensity drizzle,2021-08-01 21:39:41
442,Lithgow,AU,-33.4833,150.15,41.47,94,3,1.79,clear sky,2021-08-01 21:39:41
443,Shelton,US,41.3165,-73.0932,76.55,66,90,1.01,overcast clouds,2021-08-01 21:39:41
444,Luganville,VU,-15.5333,167.1667,74.21,57,47,7.85,scattered clouds,2021-08-01 21:39:42
445,Vyartsilya,RU,62.1764,30.693,54.91,97,9,4.94,clear sky,2021-08-01 21:39:42
446,Ducheng,CN,23.2373,111.5317,79.3,93,98,0.87,overcast clouds,2021-08-01 21:39:43
447,Kralendijk,BQ,12.15,-68.2667,85.98,70,0,20.71,clear sky,2021-08-01 21:39:43
448,Talcahuano,CL,-36.7167,-73.1167,58.68,63,0,6.91,clear sky,2021-08-01 21:39:43
449,Eureka,US,40.8021,-124.1637,86.67,71,58,10.0,broken clouds,2021-08-01 21:35:21
450,Danielskuil,ZA,-28.1887,23.5395,47.12,44,8,4.54,clear sky,2021-08-01 21:39:44
451,Nalut,LY,30.3333,10.85,92.3,12,8,11.59,clear sky,2021-08-01 21:39:44
452,Sydney,AU,-33.8679,151.2073,49.28,81,20,3.0,few clouds,2021-08-01 21:37:13
453,Shenjiamen,CN,29.9576,122.298,79.41,91,100,6.11,overcast clouds,2021-08-01 21:39:45
454,San Javier,ES,37.8063,-0.8374,77.22,74,75,1.99,broken clouds,2021-08-01 21:39:45
455,San Carlos Del Zulia,VE,9.0,-71.9135,91.15,53,19,11.14,few clouds,2021-08-01 21:39:45
456,Flin Flon,CA,54.7682,-101.865,84.04,32,1,5.75,smoke,2021-08-01 21:37:25
457,Cap Malheureux,MU,-19.9842,57.6142,68.49,79,17,7.0,few clouds,2021-08-01 21:39:46
458,Asosa,ET,10.0667,34.5333,59.43,85,100,3.11,overcast clouds,2021-08-01 21:39:46
459,Oksbol,DK,55.6268,8.2876,58.82,79,41,17.18,scattered clouds,2021-08-01 21:39:46
460,Matay,EG,28.419,30.7792,88.97,23,0,11.18,clear sky,2021-08-01 21:39:47
461,Hanzhong,CN,33.0728,107.0303,72.84,84,1,0.87,clear sky,2021-08-01 21:39:47
462,Qostanay,KZ,53.1667,63.5833,67.93,74,86,6.55,overcast clouds,2021-08-01 21:39:48
463,Luanshya,ZM,-13.1367,28.4166,55.42,74,31,4.43,scattered clouds,2021-08-01 21:39:48
464,Winnemucca,US,40.973,-117.7357,86.11,39,1,9.22,clear sky,2021-08-01 21:39:48
465,Gazanjyk,TM,39.2446,55.5154,84.18,13,56,5.26,broken clouds,2021-08-01 21:39:49
466,Vostok,RU,46.4856,135.8833,68.32,76,41,2.59,scattered clouds,2021-08-01 21:39:49
467,Quelimane,MZ,-17.8786,36.8883,66.15,82,0,0.0,clear sky,2021-08-01 21:39:49
468,Mwanza,TZ,-2.5167,32.9,70.5,43,11,7.25,few clouds,2021-08-01 21:39:50
469,Gunjur,GM,13.2019,-16.7339,78.87,100,75,0.0,broken clouds,2021-08-01 21:39:50
470,Gewane,ET,10.1664,40.6453,81.39,59,84,7.74,light rain,2021-08-01 21:39:50
471,Kismayo,SO,-0.3582,42.5454,75.29,84,43,18.41,scattered clouds,2021-08-01 21:39:51
472,Fort Nelson,CA,58.8053,-122.7002,87.39,42,1,4.61,smoke,2021-08-01 21:39:51
473,Gboko,NG,7.3179,8.9951,72.01,96,100,6.4,light rain,2021-08-01 21:39:51
474,Namatanai,PG,-3.6667,152.4333,80.94,79,12,6.13,few clouds,2021-08-01 21:39:52
475,Luau,AO,-10.7073,22.2247,63.84,34,20,4.36,few clouds,2021-08-01 21:39:52
476,Zhigansk,RU,66.7697,123.3711,64.78,64,49,14.54,scattered clouds,2021-08-01 21:39:53
477,Merauke,ID,-8.4667,140.3333,74.07,82,8,12.64,clear sky,2021-08-01 21:39:53
478,Tumpat,MY,6.1978,102.171,77.94,94,20,1.14,few clouds,2021-08-01 21:39:53
479,Sabha,LY,27.0377,14.4283,88.45,12,0,1.34,clear sky,2021-08-01 21:39:54
480,Evensk,RU,61.95,159.2333,45.25,82,100,17.92,light rain,2021-08-01 21:39:54
481,Buala,SB,-8.145,159.5921,78.62,86,98,7.11,moderate rain,2021-08-01 21:39:54
482,Primorsk,UA,46.7348,36.3443,76.33,62,0,4.81,clear sky,2021-08-01 21:39:55
483,Marzuq,YE,14.4,46.4667,81.64,52,97,6.89,overcast clouds,2021-08-01 21:39:55
484,Thunder Bay,CA,48.4001,-89.3168,73.38,41,75,9.22,broken clouds,2021-08-01 21:36:35
485,Beberibe,BR,-4.1797,-38.1306,80.64,84,75,8.99,broken clouds,2021-08-01 21:39:55
486,Atbasar,KZ,51.8,68.3333,70.12,59,2,6.82,clear sky,2021-08-01 21:39:56
487,Goundam,ML,16.4145,-3.6708,91.92,39,3,10.31,clear sky,2021-08-01 21:39:56
488,Srikakulam,IN,18.3,83.9,81.77,69,97,5.06,overcast clouds,2021-08-01 21:39:56
489,Cuenca,EC,-2.8833,-78.9833,62.73,51,75,11.5,broken clouds,2021-08-01 21:39:57
490,Porto Novo,BJ,6.4965,2.6036,78.62,87,45,5.08,scattered clouds,2021-08-01 21:39:57
491,Macenta,GN,8.5435,-9.471,68.61,99,98,2.53,light rain,2021-08-01 21:39:57
492,Antofagasta,CL,-23.65,-70.4,58.28,75,27,4.05,scattered clouds,2021-08-01 21:36:03
493,Bull Savanna,JM,17.8868,-77.5902,83.46,69,29,17.52,scattered clouds,2021-08-01 21:39:58
494,Auki,SB,-8.7676,160.7034,80.33,76,93,8.12,overcast clouds,2021-08-01 21:39:58
495,Terra Santa,BR,-2.1042,-56.4869,78.8,72,92,3.06,overcast clouds,2021-08-01 21:39:58
496,Las Palmas,ES,28.4204,-14.0131,68.79,73,20,18.41,few clouds,2021-08-01 21:39:59
497,Nirasaki,JP,35.7,138.45,77.88,90,56,1.05,broken clouds,2021-08-01 21:39:59
498,Soyo,AO,-6.1349,12.3689,72.41,85,44,8.12,scattered clouds,2021-08-01 21:39:59
499,Umm Kaddadah,SD,13.6017,26.6876,82.35,59,15,20.8,few clouds,2021-08-01 21:40:00
500,Ladario,BR,-19.0047,-57.6017,80.89,28,0,10.36,clear sky,2021-08-01 21:40:00
501,Olga,RU,43.7444,135.2892,68.16,92,100,7.96,overcast clouds,2021-08-01 21:40:01
502,Muroto,JP,33.2833,134.15,77.04,80,83,6.04,broken clouds,2021-08-01 21:40:01
503,Bandundu,CD,-3.3167,17.3667,82.35,34,99,3.67,overcast clouds,2021-08-01 21:40:04
504,Laguna,US,38.421,-121.4238,104.65,32,1,4.0,clear sky,2021-08-01 21:40:04
505,Atambua,ID,-9.1061,124.8925,69.66,88,45,5.23,scattered clouds,2021-08-01 21:40:04
506,Kulhudhuffushi,MV,6.6221,73.07,82.63,76,99,15.3,overcast clouds,2021-08-01 21:40:05
507,Kibakwe,TZ,-6.7167,36.3667,58.73,72,2,3.74,clear sky,2021-08-01 21:40:05
508,Huimanguillo,MX,17.85,-93.3833,91.17,57,68,9.42,broken clouds,2021-08-01 21:40:05
509,Am Timan,TD,11.0297,20.2827,71.73,95,87,4.03,overcast clouds,2021-08-01 21:40:06
510,Porbandar,IN,21.6422,69.6093,81.23,83,100,21.27,overcast clouds,2021-08-01 21:38:21
511,Orotukan,RU,62.2667,151.7,38.37,93,100,12.06,light rain,2021-08-01 21:40:06
512,Alugan,PH,12.2188,125.4808,82.58,76,97,9.1,overcast clouds,2021-08-01 21:40:06
513,Lakatoro,VU,-16.0999,167.4164,73.22,60,45,8.3,scattered clouds,2021-08-01 21:40:07
514,Maumere,ID,-8.6199,122.2111,78.1,83,86,8.59,overcast clouds,2021-08-01 21:40:07
515,Cumberland,US,35.0502,-78.8664,88.21,86,75,6.91,broken clouds,2021-08-01 21:40:07
516,Aitape,PG,-3.1374,142.3475,78.44,87,27,3.89,scattered clouds,2021-08-01 21:40:08
517,Boysun,UZ,38.2061,67.1986,72.59,28,0,5.59,clear sky,2021-08-01 21:40:08
518,Nicoya,CR,10.1483,-85.452,87.35,79,98,6.22,overcast clouds,2021-08-01 21:40:08
519,Prince Rupert,CA,54.3161,-130.3201,60.89,93,90,4.61,overcast clouds,2021-08-01 21:37:25
520,Gravelbourg,CA,49.8834,-106.5512,88.07,17,58,5.97,broken clouds,2021-08-01 21:40:09
521,Port Macquarie,AU,-31.4333,152.9167,57.88,75,91,7.49,overcast clouds,2021-08-01 21:40:09
522,Quatre Cocos,MU,-20.2078,57.7625,68.11,68,52,15.61,broken clouds,2021-08-01 21:40:10
523,Iskateley,RU,67.6803,53.1512,49.51,90,93,8.25,overcast clouds,2021-08-01 21:40:10
524,Mazagao,BR,-0.115,-51.2894,86.05,88,71,1.43,light rain,2021-08-01 21:40:10
525,Banjar,ID,-8.19,114.9675,78.66,89,25,5.91,scattered clouds,2021-08-01 21:40:11
526,Bestobe,KZ,52.4994,73.0975,70.21,58,4,10.33,clear sky,2021-08-01 21:40:11
527,Bagdarin,RU,54.4333,113.6,49.1,93,87,1.95,overcast clouds,2021-08-01 21:40:11
528,Amuntai,ID,-2.4177,115.2494,73.56,97,100,1.41,overcast clouds,2021-08-01 21:40:12
529,Okha,RU,53.5739,142.9478,56.44,74,79,7.7,broken clouds,2021-08-01 21:40:12
530,Vila Velha,BR,-20.3297,-40.2925,71.96,64,20,6.91,few clouds,2021-08-01 21:40:12
531,Anadyr,RU,64.75,177.4833,48.7,70,40,4.0,light rain,2021-08-01 21:40:13
532,Nueva Helvecia,UY,-34.3,-57.2333,48.6,86,0,5.35,clear sky,2021-08-01 21:40:13
533,Reidsville,US,36.3549,-79.6645,87.12,61,1,6.91,haze,2021-08-01 21:40:13
534,Sorrento,IT,40.626,14.3744,82.53,36,0,6.91,clear sky,2021-08-01 21:40:13
535,San Mateo Ixtatan,GT,15.8319,-91.4781,72.95,88,85,7.58,overcast clouds,2021-08-01 21:40:14
536,Salina,US,38.8403,-97.6114,88.02,34,20,8.99,few clouds,2021-08-01 21:35:42
537,Noyabrsk,RU,63.1994,75.4507,58.32,65,100,10.51,overcast clouds,2021-08-01 21:40:14
538,Selikhino,RU,50.3672,137.4996,59.88,81,57,7.96,broken clouds,2021-08-01 21:40:15
539,Shimoda,JP,34.6667,138.95,86.11,74,3,1.97,clear sky,2021-08-01 21:40:15
540,Dauphin,CA,51.1494,-100.0502,80.74,41,40,3.44,haze,2021-08-01 21:40:15
541,Lagos,NG,6.5833,3.75,79.12,89,77,3.6,broken clouds,2021-08-01 21:39:47
542,Shenkursk,RU,62.1091,42.896,58.01,98,100,5.95,overcast clouds,2021-08-01 21:40:16
543,Havre-Saint-Pierre,CA,50.2334,-63.5986,61.16,77,40,16.11,scattered clouds,2021-08-01 21:40:16
544,Komsomolskiy,UZ,40.4272,71.7189,80.02,34,100,2.3,overcast clouds,2021-08-01 21:40:16
545,Yulara,AU,-25.2406,130.9889,48.04,53,0,8.05,clear sky,2021-08-01 21:40:17
546,Axim,GH,4.8699,-2.2405,75.88,89,21,5.48,few clouds,2021-08-01 21:40:17
547,Moron,AR,-34.6534,-58.6198,56.01,64,0,2.55,clear sky,2021-08-01 21:40:17
548,Hun,LY,29.1268,15.9477,86.74,21,0,8.23,clear sky,2021-08-01 21:40:18
549,Katiola,CI,8.1333,-5.1,75.83,90,94,4.47,overcast clouds,2021-08-01 21:40:18
550,Fare,PF,-16.7,-151.0167,77.05,68,48,12.93,scattered clouds,2021-08-01 21:40:19
551,Katherine,AU,-14.4667,132.2667,68.32,73,11,0.0,few clouds,2021-08-01 21:40:19
552,Peabiru,BR,-23.9128,-52.3431,68.22,68,51,2.82,broken clouds,2021-08-01 21:40:19
553,Stillwater,US,36.1156,-97.0584,86.29,60,90,3.0,haze,2021-08-01 21:37:53
554,Kingman,US,35.1894,-114.053,99.03,26,20,5.75,few clouds,2021-08-01 21:38:08
555,Cassilandia,BR,-19.1133,-51.7342,70.34,34,3,5.53,clear sky,2021-08-01 21:40:20
556,Princeville,CA,45.7668,-61.2985,73.63,62,90,3.44,overcast clouds,2021-08-01 21:40:20
557,Pathein,MM,16.7833,94.7333,77.13,92,100,6.73,overcast clouds,2021-08-01 21:40:21
558,Hermsdorf,DE,50.9,11.8667,59.43,88,94,6.29,overcast clouds,2021-08-01 21:40:21
559,Alexandria,EG,31.2156,29.9553,81.14,89,0,6.91,clear sky,2021-08-01 21:40:21
560,Karia,NG,11.7306,11.1629,74.77,88,94,14.65,moderate rain,2021-08-01 21:40:22
561,Sao Joao Da Barra,BR,-21.6403,-41.0511,64.49,66,92,8.23,overcast clouds,2021-08-01 21:40:22
562,Tura,IN,25.5198,90.2201,73.54,98,91,3.27,overcast clouds,2021-08-01 21:40:22
563,Guarapari,BR,-20.6667,-40.4975,71.91,72,7,2.68,clear sky,2021-08-01 21:40:23
564,Lampazos De Naranjo,MX,27.0167,-100.5167,101.39,25,2,16.24,clear sky,2021-08-01 21:40:23
565,Rafaela,AR,-31.2503,-61.4867,54.16,46,0,6.46,clear sky,2021-08-01 21:40:23
566,Xichang,CN,27.8964,102.2634,61.18,82,0,2.44,clear sky,2021-08-01 21:40:24
567,Lazaro Cardenas,MX,17.9583,-102.2,86.56,70,10,11.79,clear sky,2021-08-01 21:37:15
568,Pangkalanbuun,ID,-2.6833,111.6167,72.88,98,88,2.08,overcast clouds,2021-08-01 21:40:24
569,Kamaishi,JP,39.2667,141.8833,77.18,92,15,9.4,few clouds,2021-08-01 21:40:25
570,Antonina,BR,-25.4286,-48.7119,65.14,96,88,1.63,overcast clouds,2021-08-01 21:40:25
571,Raudeberg,NO,61.9875,5.1352,52.86,75,10,15.68,clear sky,2021-08-01 21:40:25
572,Gamboma,CG,-1.8764,15.8644,81.14,47,77,3.04,broken clouds,2021-08-01 21:40:26
573,Teguldet,RU,57.3064,88.1667,52.79,97,16,1.36,few clouds,2021-08-01 21:40:26
574,Launceston,AU,-41.45,147.1667,39.15,93,90,4.61,overcast clouds,2021-08-01 21:40:26
575,Hokitika,NZ,-42.7167,170.9667,51.42,89,83,0.58,broken clouds,2021-08-01 21:40:27
576,Lewistown,US,40.5992,-77.5714,80.91,82,75,29.93,heavy intensity rain,2021-08-01 21:40:27
577,Whyalla,AU,-33.0333,137.5833,39.09,93,0,5.75,clear sky,2021-08-01 21:40:27
578,Roald,NO,62.5833,6.1333,54.0,76,90,11.5,overcast clouds,2021-08-01 21:40:28
579,Rincon,US,32.296,-81.2354,96.66,52,40,10.36,light rain,2021-08-01 21:40:28
580,Silopi,TR,37.2497,42.4694,90.01,22,73,6.31,broken clouds,2021-08-01 21:40:29
581,Comodoro Rivadavia,AR,-45.8667,-67.5,66.06,19,0,17.27,clear sky,2021-08-01 21:40:29
582,Ust-Maya,RU,60.4167,134.5333,63.63,61,95,4.76,overcast clouds,2021-08-01 21:40:29
583,Tucumcari,US,35.1717,-103.725,71.44,83,90,4.61,overcast clouds,2021-08-01 21:38:06
584,Lekoni,GA,-1.5843,14.2591,79.86,58,100,8.32,overcast clouds,2021-08-01 21:40:30
585,Zhezkazgan,KZ,47.8043,67.7144,81.46,29,74,8.68,broken clouds,2021-08-01 21:40:30
586,Carman,CA,49.4992,-98.0016,84.9,29,0,3.44,clear sky,2021-08-01 21:40:30
587,Praia,CV,14.9215,-23.5087,77.54,69,75,9.22,broken clouds,2021-08-01 21:35:37
588,Yenangyaung,MM,20.4667,94.8833,77.74,85,100,11.27,overcast clouds,2021-08-01 21:40:31
589,Salihorsk,BY,52.7876,27.5415,66.15,87,66,6.2,broken clouds,2021-08-01 21:40:31
590,Chillicothe,US,39.3331,-82.9824,79.52,89,40,4.61,scattered clouds,2021-08-01 21:40:31
591,Amga,RU,60.8953,131.9608,66.72,57,96,3.58,overcast clouds,2021-08-01 21:40:32
592,Hinche,HT,19.15,-72.0167,89.02,88,100,9.33,overcast clouds,2021-08-01 21:40:32
593,Fairbanks,US,64.8378,-147.7164,74.25,53,75,3.44,broken clouds,2021-08-01 21:35:41
594,Karratha,AU,-20.7377,116.8463,59.63,49,0,11.12,clear sky,2021-08-01 21:40:32
595,Tikhvin,RU,59.6451,33.5294,56.21,89,23,5.08,few clouds,2021-08-01 21:40:33
596,Valle De Allende,MX,26.9333,-105.4,81.75,39,94,1.59,overcast clouds,2021-08-01 21:40:33
597,Belyy Yar,RU,53.6039,91.3903,53.49,94,0,4.47,clear sky,2021-08-01 21:40:33
598,Kargasok,RU,59.0556,80.8572,49.96,88,48,4.92,scattered clouds,2021-08-01 21:40:34
599,Itarema,BR,-2.9248,-39.9167,78.58,77,80,13.62,broken clouds,2021-08-01 21:40:34
600,Dieppe,FR,49.75,1.1667,60.98,94,14,4.03,few clouds,2021-08-01 21:40:34
601,Orlik,RU,52.5178,99.825,49.46,97,100,4.92,moderate rain,2021-08-01 21:40:35
602,Prado,BR,-17.3411,-39.2208,69.8,59,99,10.42,overcast clouds,2021-08-01 21:40:35
603,Yerakion,GR,37.0,22.7,85.3,31,0,4.16,clear sky,2021-08-01 21:40:36
604,Odweyne,SO,9.4092,45.064,72.46,53,7,16.51,clear sky,2021-08-01 21:40:36
605,Kiunga,PG,-6.1219,141.2906,72.72,94,87,2.98,overcast clouds,2021-08-01 21:40:36
606,Aguimes,ES,27.9054,-15.4461,70.66,68,20,26.46,few clouds,2021-08-01 21:40:37
607,Rapid Valley,US,44.0625,-103.1463,89.85,22,1,3.44,smoke,2021-08-01 21:40:37
608,Malaya Vishera,RU,58.8454,32.2222,58.8,83,66,4.36,light rain,2021-08-01 21:40:37
609,Saint Anthony,US,45.0205,-93.218,80.92,37,90,3.0,overcast clouds,2021-08-01 21:40:38
610,Benxi,CN,41.2886,123.765,72.55,94,100,2.59,light rain,2021-08-01 21:40:38
611,Dukat,RU,62.55,155.55,33.3,100,100,6.11,snow,2021-08-01 21:40:38
612,Rocha,UY,-34.4833,-54.3333,46.08,93,2,4.25,clear sky,2021-08-01 21:40:39
613,Samfya,ZM,-11.3649,29.5565,59.74,67,14,8.93,few clouds,2021-08-01 21:40:39
614,San Rafael,AR,-34.6177,-68.3301,58.37,30,12,11.77,few clouds,2021-08-01 21:40:35
615,Muros,ES,42.7762,-9.0603,64.99,93,100,6.49,overcast clouds,2021-08-01 21:40:39
616,Altay,CN,47.8667,88.1167,57.54,57,26,3.69,scattered clouds,2021-08-01 21:40:40
617,Puerto Asis,CO,0.5133,-76.5007,75.76,96,100,1.79,overcast clouds,2021-08-01 21:40:40
618,Murashi,RU,59.3999,48.9615,58.71,77,93,4.36,light rain,2021-08-01 21:40:40
619,Beaupre,CA,47.0443,-70.8953,74.21,49,100,5.75,overcast clouds,2021-08-01 21:40:41
620,Chipinge,ZW,-20.1883,32.6236,52.41,50,0,2.39,clear sky,2021-08-01 21:40:41
621,Gawler,AU,-34.6,138.7333,54.48,59,0,12.06,clear sky,2021-08-01 21:40:41
622,Mehamn,NO,71.0357,27.8492,49.91,95,100,19.57,overcast clouds,2021-08-01 21:40:42
623,Hay River,CA,60.8156,-115.7999,82.38,44,75,6.91,broken clouds,2021-08-01 21:40:42
624,Verkhoturye,RU,58.8627,60.8054,55.24,96,1,5.68,clear sky,2021-08-01 21:40:42
625,Vanavara,RU,60.34,102.2797,54.48,65,39,4.09,scattered clouds,2021-08-01 21:40:43
626,Havoysund,NO,70.9963,24.6622,45.48,80,100,9.62,light rain,2021-08-01 21:40:43
627,Safford,US,32.834,-109.7076,94.12,36,1,0.0,clear sky,2021-08-01 21:40:43
628,Nemuro,JP,43.3236,145.575,65.82,99,100,8.52,overcast clouds,2021-08-01 21:40:44
629,Alekseyevsk,RU,57.8406,108.3492,55.31,67,100,4.97,overcast clouds,2021-08-01 21:40:44
630,Otjimbingwe,NA,-22.35,16.1333,62.69,24,0,8.12,clear sky,2021-08-01 21:40:44
631,Sunrise Manor,US,36.2111,-115.0731,100.58,33,1,12.66,clear sky,2021-08-01 21:40:45
632,San Andres,CO,12.5847,-81.7006,84.22,84,40,16.11,scattered clouds,2021-08-01 21:40:40
633,Kyabe,TD,9.4515,18.9449,72.84,91,100,3.36,overcast clouds,2021-08-01 21:40:45
634,Qaqortoq,GL,60.7167,-46.0333,61.3,85,100,3.44,light rain,2021-08-01 21:40:45
635,Karema,TZ,-6.8205,30.4389,70.72,45,2,5.37,clear sky,2021-08-01 21:40:46
636,Bonthe,SL,7.5264,-12.505,76.73,85,100,10.16,light rain,2021-08-01 21:40:46
637,Santa Vitoria Do Palmar,BR,-33.5189,-53.3681,50.4,91,35,5.7,scattered clouds,2021-08-01 21:40:46
638,Chengde,CN,40.9725,117.9361,64.17,92,11,2.82,few clouds,2021-08-01 21:40:47
639,Korhogo,CI,9.45,-5.6333,70.68,96,82,4.03,broken clouds,2021-08-01 21:40:47
640,Neos Oropos,GR,39.1514,20.7367,90.01,52,0,2.3,clear sky,2021-08-01 21:40:47
641,Chadan,RU,51.2833,91.5833,51.82,76,4,3.18,clear sky,2021-08-01 21:40:48
642,Santo Tomas,PH,14.1079,121.1414,81.57,89,100,8.14,light rain,2021-08-01 21:40:48
643,Pitimbu,BR,-7.4706,-34.8086,77.59,76,2,18.25,clear sky,2021-08-01 21:40:48
644,Chunoyar,RU,57.4467,97.3217,56.86,95,100,1.9,overcast clouds,2021-08-01 21:40:49
645,Manono,CD,-7.3,27.4167,72.45,36,1,3.51,clear sky,2021-08-01 21:40:49
646,Olafsvik,IS,64.8945,-23.7142,53.85,92,100,1.7,overcast clouds,2021-08-01 21:40:49
647,Shenzhen,CN,22.5455,114.0683,85.86,93,78,1.81,broken clouds,2021-08-01 21:40:50
648,Shingu,JP,33.7333,135.9833,79.92,82,68,3.15,broken clouds,2021-08-01 21:40:50
649,Port-Gentil,GA,-0.7193,8.7815,75.16,94,90,8.05,light rain,2021-08-01 21:40:50
650,Tynda,RU,55.1667,124.7167,52.32,98,100,2.53,overcast clouds,2021-08-01 21:40:51
651,Bodden Town,KY,19.2833,-81.25,87.93,76,40,4.0,scattered clouds,2021-08-01 21:40:51
652,Hukuntsi,BW,-24.0,21.75,50.77,35,0,6.69,clear sky,2021-08-01 21:40:51
653,Bertoua,CM,4.5833,13.6833,67.8,98,100,2.37,moderate rain,2021-08-01 21:40:52
654,Slave Lake,CA,55.2834,-114.769,80.58,61,20,5.75,few clouds,2021-08-01 21:40:52
655,Nome,US,64.5011,-165.4064,51.87,87,90,13.8,light rain,2021-08-01 21:40:52
656,Sigli,ID,5.3848,95.9609,80.4,68,100,7.0,overcast clouds,2021-08-01 21:40:53
657,Mahina,PF,-17.5065,-149.489,80.37,57,20,9.22,few clouds,2021-08-01 21:40:53
658,Charters Towers,AU,-20.1,146.2667,63.93,87,12,5.91,few clouds,2021-08-01 21:40:53
659,Mwense,ZM,-10.3845,28.698,63.61,56,1,5.55,clear sky,2021-08-01 21:40:54
660,Juneau,US,58.3019,-134.4197,73.4,79,20,9.22,few clouds,2021-08-01 21:40:54
661,Otake,JP,34.2,132.2167,81.01,49,75,5.75,broken clouds,2021-08-01 21:40:54
662,Conde,BR,-7.2597,-34.9075,76.46,78,75,11.5,broken clouds,2021-08-01 21:40:55
663,Morwell,AU,-38.2333,146.4,43.39,88,3,1.05,clear sky,2021-08-01 21:40:55
664,Parnamirim,BR,-5.9156,-35.2628,78.69,73,0,16.11,clear sky,2021-08-01 21:37:18
665,Mercedes,AR,-34.6515,-59.4307,55.85,66,0,4.74,clear sky,2021-08-01 21:40:55
666,Ulladulla,AU,-35.35,150.4667,44.1,88,1,4.18,clear sky,2021-08-01 21:40:56
667,Roma,US,43.2128,-75.4557,66.06,93,20,0.0,few clouds,2021-08-01 21:40:56
668,Pandegelang,ID,-6.31,106.1058,76.66,94,18,0.94,few clouds,2021-08-01 21:40:57
669,Channel-Port Aux Basques,CA,47.5702,-59.1367,61.47,82,2,9.01,clear sky,2021-08-01 21:40:57
670,Balkhash,KZ,46.844,74.9804,77.99,39,4,10.2,clear sky,2021-08-01 21:40:57
671,Primero De Marzo,PY,-25.153,-56.928,71.51,56,7,2.68,clear sky,2021-08-01 21:40:58
672,Luanda,AO,-8.8368,13.2343,73.4,88,75,5.75,broken clouds,2021-08-01 21:40:32
673,Rabaul,PG,-4.1967,152.1721,79.79,81,12,11.92,few clouds,2021-08-01 21:40:58
674,Yar-Sale,RU,66.8333,70.8333,54.68,96,100,16.93,light rain,2021-08-01 21:40:58
675,Sompeta,IN,18.9333,84.6,82.4,72,100,5.53,overcast clouds,2021-08-01 21:40:59
676,Marion,US,39.7684,-86.1555,80.92,54,75,18.41,broken clouds,2021-08-01 21:40:59
677,Black River,JM,18.0264,-77.8487,82.4,66,45,16.13,light rain,2021-08-01 21:40:59
678,Naze,JP,28.3667,129.4833,79.2,86,89,12.93,overcast clouds,2021-08-01 21:41:00
679,Frankfort,ZA,-27.2667,28.4833,47.12,31,3,6.67,clear sky,2021-08-01 21:41:00
680,Mandalgovi,MN,45.7625,106.2708,64.35,48,100,4.5,overcast clouds,2021-08-01 21:41:00
681,Leshan,CN,29.5623,103.7639,73.22,82,0,1.45,clear sky,2021-08-01 21:41:01
682,Alamosa,US,37.4695,-105.87,71.58,53,40,0.0,scattered clouds,2021-08-01 21:41:01
683,Tamiahua,MX,21.2667,-97.45,87.04,63,8,10.16,clear sky,2021-08-01 21:41:01
684,Nyimba,ZM,-14.5566,30.8149,62.44,63,41,3.49,scattered clouds,2021-08-01 21:41:02
685,Awjilah,LY,29.1081,21.2869,87.73,24,3,10.67,clear sky,2021-08-01 21:41:02
686,Bemban,MY,2.2684,102.3746,76.8,100,20,0.0,few clouds,2021-08-01 21:41:03
687,Thouars,FR,46.976,-0.2151,61.14,87,18,7.52,few clouds,2021-08-01 21:41:03
688,Kirakira,SB,-10.4544,161.9205,78.39,75,88,8.48,overcast clouds,2021-08-01 21:36:02
